{
  "suit.batmobile.start": {
    "sounds": [
      "suit/the_batman_batmobile_start"
    ],
    "category": "player"
  },
  "suit.batmobile.stop": {
    "sounds": [
      "suit/the_batman_batmobile_stop"
    ],
    "category": "player"
  },
  "suit.batmobile.drive": {
    "sounds": [
      "suit/the_batman_batmobile_drive"
    ],
    "category": "player"
  },
  "suit.batmobile.drift": {
    "sounds": [
      "suit/the_batman_batmobile_drift"
    ],
    "category": "player"
  },
  "suit.batmobile.boost": {
    "sounds": [
      "suit/the_batman_batmobile_boost"
    ],
    "category": "player"
  },
  "suit.batmobile.idle": {
    "sounds": [
      "suit/the_batman_batmobile_idle"
    ],
    "category": "player"
  },
  "suit.batmobile.theme": {
    "sounds": [
      {"name": "suit/the_batman_batmobile_theme", "weight": 10},
      {"name": "suit/quiet", "weight": 100}
    ],
    "category": "player"
  }
}