{
  "suit.batmobile.start": {
    "sounds": [
      "suit/the_batman_batmobile_start"
    ],
    "category": "player"
  },
  "suit.batmobile.stop": {
    "sounds": [
      "suit/the_batman_batmobile_stop"
    ],
    "category": "player"
  },
  "suit.batmobile.drive": {
    "sounds": [
      "suit/the_batman_batmobile_drive"
    ],
    "category": "player"
  },
  "suit.batmobile.drift": {
    "sounds": [
      "suit/the_batman_batmobile_drift"
    ],
    "category": "player"
  },
  "suit.batmobile.boost": {
    "sounds": [
      "suit/the_batman_batmobile_boost"
    ],
    "category": "player"
  },
  "suit.batmobile.idle": {
    "sounds": [
      "suit/the_batman_batmobile_idle"
    ],
    "category": "player"
  },
  "suit.batmobile.theme": {
    "sounds": [
      {"name": "suit/the_batman_batmobile_theme", "weight": 10},
      {"name": "suit/quiet", "weight": 100}
    ],
    "category": "player"
  },
  "suit.ghostrider.bike.start": {
    "sounds": [
      "suit/bike_idle"
    ],
    "category": "player"
  },
  "suit.ghostrider.bike.stop": {
    "sounds": [
      "suit/bike_stop"
    ],
    "category": "player"
  },
  "suit.ghostrider.bike.moving": {
    "sounds": [
      "suit/bike_moving"
    ],
    "category": "player"
  },
  "suit.ghostrider.horse.call": {
    "sounds": [
      "suit/horse_call"
    ],
    "category": "player"
  },
  "suit.ghostrider.horse.moving": {
    "sounds": [
      "suit/horse_moving"
    ],
    "category": "player"
  },
  "suit.ghostrider.theme": {
    "sounds": [
      {"name": "suit/ghostrider_theme", "weight": 10},
      {"name": "suit/quiet", "weight": 100}
    ],
    "category": "player"
  },
  "suit.ghostrider.chain.equip": {
    "sounds": [
      "suit/chain_equip"
    ],
    "category": "player"
  },
  "suit.ghostrider.chain.swing": {
    "sounds": [
      "suit/chain_swing"
    ],
    "category": "player"
  },
  "suit.ghostrider.revolver.enable": {
    "sounds": [
      "suit/revolver_enable"
    ],
    "category": "player"
  },
  "suit.ghostrider.revolver.shoot": {
    "sounds": [
      "suit/revolver_shoot"
    ],
    "category": "player"
  },
  "suit.ghostrider.penancestare": {
    "sounds": [
      "suit/ghostrider_penancestare"
    ],
    "category": "player"
  },
  "suit.ghostrider.voice.line": {
    "sounds": [
      "suit/ghostrider_voiceline_1",
      "suit/ghostrider_voiceline_2",
      "suit/ghostrider_voiceline_3",
      "suit/ghostrider_voiceline_4"
    ],
    "category": "player"
  },
  "suit.johnnyblaze.voice.line": {
    "sounds": [
      "suit/johnnyblaze_voiceline_1",
      "suit/johnnyblaze_voiceline_2",
      "suit/johnnyblaze_voiceline_3"
    ],
    "category": "player"
  }
}